symbol,score,recommendation,close,rsi14,momentum_20d,momentum_60d,volume_ratio,trend_score,learning_bonus,reason
AMD,89.99,Strong Watch / Sim Buy,608.1,47.42,23.24,22.66,0.62,40.0,2.39,"above 20-day trend, above 50-day trend, short trend rising, medium trend rising, positive 20-day momentum"
PLTR,86.35,Strong Watch / Sim Buy,209.05,82.63,20.62,57.92,1.55,40.0,6.35,"above 20-day trend, above 50-day trend, short trend rising, medium trend rising, positive 20-day momentum"
NVDA,82.77,Strong Watch / Sim Buy,229.28,52.82,8.68,13.05,0.77,40.0,0.78,"above 20-day trend, above 50-day trend, short trend rising, medium trend rising, positive 20-day momentum"
MSFT,75.62,Watch / Buy Candidate,535.07,72.33,5.87,35.87,0.8,40.0,0.4,"above 20-day trend, above 50-day trend, short trend rising, medium trend rising, positive 20-day momentum"
QQQ,75.49,Watch / Buy Candidate,751.27,57.82,5.94,8.05,0.62,40.0,0.35,"above 20-day trend, above 50-day trend, short trend rising, medium trend rising, positive 20-day momentum"
SPY,67.22,Neutral Watch,778.57,55.58,2.32,4.75,0.5,40.0,-0.88,"above 20-day trend, above 50-day trend, short trend rising, medium trend rising, positive 20-day momentum"
MA,62.64,Neutral Watch,589.14,63.18,2.56,8.38,0.85,24.0,8.03,"above 20-day trend, above 50-day trend, positive 20-day momentum, positive 60-day momentum, RSI in healthy swing zone"
V,61.55,Neutral Watch,385.45,65.38,2.71,7.5,0.92,24.0,7.26,"above 20-day trend, above 50-day trend, positive 20-day momentum, positive 60-day momentum, RSI in healthy swing zone"
TSLA,61.34,Neutral Watch,382.7,54.95,6.61,0.49,1.08,32.0,-2.21,"above 20-day trend, above 50-day trend, medium trend rising, positive 20-day momentum, positive 60-day momentum"
AMZN,60.17,Neutral Watch,262.43,54.61,3.51,6.15,0.9,32.0,-2.43,"above 20-day trend, above 50-day trend, short trend rising, positive 20-day momentum, positive 60-day momentum"
LLY,59.77,Avoid,1179.27,54.11,3.6,0.01,0.61,32.0,0.72,"above 20-day trend, above 50-day trend, short trend rising, positive 20-day momentum, positive 60-day momentum"
AAPL,56.55,Avoid,336.64,47.29,1.07,0.87,1.0,32.0,0.53,"above 20-day trend, above 50-day trend, medium trend rising, positive 20-day momentum, positive 60-day momentum"
GOOGL,47.76,Avoid,351.66,46.88,0.65,1.41,0.65,24.0,0.0,"above 20-day trend, above 50-day trend, positive 20-day momentum, positive 60-day momentum, RSI in healthy swing zone"
WMT,47.65,Avoid,111.35,60.07,2.08,-2.53,0.53,24.0,0.0,"above 20-day trend, above 50-day trend, positive 20-day momentum, RSI in healthy swing zone, controlled volatility"
META,44.83,Avoid,718.67,43.88,7.97,11.25,0.58,28.0,-3.08,"above 50-day trend, short trend rising, medium trend rising, positive 20-day momentum, positive 60-day momentum"
AVGO,44.46,Avoid,361.54,49.37,4.88,-2.5,0.68,20.0,-3.12,"above 20-day trend, short trend rising, positive 20-day momentum, RSI in healthy swing zone, controlled volatility"
UNH,38.58,Avoid,379.3,51.59,-1.11,-10.98,1.48,12.0,3.18,"above 20-day trend, RSI in healthy swing zone, volume confirmation, controlled volatility"
COST,36.65,Avoid,946.92,75.39,3.05,0.64,0.63,32.0,0.0,"above 20-day trend, above 50-day trend, short trend rising, positive 20-day momentum, positive 60-day momentum"
CRM,36.22,Avoid,229.13,42.57,-11.68,34.17,0.44,20.0,5.9,"above 50-day trend, medium trend rising, positive 60-day momentum, controlled volatility"
NFLX,0.0,Avoid,70.3,39.76,-12.48,1.96,0.77,0.0,-2.38,"positive 60-day momentum, weak RSI, controlled volatility"
JPM,0.0,Avoid,332.99,27.12,-4.9,-2.38,0.57,0.0,3.64,"weak RSI, controlled volatility"
HD,0.0,Avoid,290.74,44.24,-6.48,-14.2,0.82,0.0,-1.54,controlled volatility
